,country,population,num_articles,prop_article_per_population
124,Nauru,10860.0,53.0,0.4880294659%
114,Tuvalu,11800.0,55.0,0.4661016949%
98,San Marino,33000.0,82.0,0.2484848485%
134,Monaco,38088.0,40.0,0.1050199538%
142,Liechtenstein,37570.0,29.0,0.0771892467%
148,Marshall Islands,55000.0,37.0,0.0672727273%
53,Iceland,330828.0,206.0,0.0622680063%
138,Tonga,103300.0,63.0,0.0609874153%
177,Andorra,78000.0,34.0,0.0435897436%
180,Federated States of Micronesia,103000.0,38.0,0.0368932039%
