,country,num_high_quality_articles,num_articles,prop_high_quality_articles
0,Zambia,0.0,26.0,0.0000000000%
138,Tonga,0.0,63.0,0.0000000000%
134,Monaco,0.0,40.0,0.0000000000%
131,Tajikistan,0.0,40.0,0.0000000000%
127,Mozambique,0.0,60.0,0.0000000000%
124,Nauru,0.0,53.0,0.0000000000%
115,Antigua and Barbuda,0.0,25.0,0.0000000000%
142,Liechtenstein,0.0,29.0,0.0000000000%
107,Malta,0.0,103.0,0.0000000000%
102,French Guiana,0.0,28.0,0.0000000000%
